Workbook

Sheet Data
A1: ETA | B1: ETD | C1: Berth | D1: Start | E1: End | F1: LOA
A2: 45936.74 | B2: 45938.069 | C2: K12C | F2: 180
A3: 45937.167 | B3: 45938.069 | C3: K12 | F3: 165
A4: 45937.59 | B4: 45939.611 | C4: TT2 | F4: 150
A5: 45939.132 | B5: 45939.618 | C5: K12 | F5: 170
A6: 45941.285 | B6: 45942.958 | C6: K12C | F6: 180
A7: 45941.656 | B7: 45943.094 | C7: TT2 | F7: 108
A8: 45941.819 | B8: 45942.125 | C8: K12A | F8: 100
A9: 45943.288 | B9: 45944.292 | C9: K12A | F9: 147
A10: 45943.24 | B10: 45945.826 | C10: K12C | F10: 190
A11: 45943.743 | B11: 45945.042 | C11: K12 | F11: 178
A12: 45943.823 | B12: 45946.625 | C12: TT2 | F12: 170
A13: 45945.972 | B13: 45948.451 | C13: K12 | F13: 116
... A53: 45960.799 | B53: 45961.375 | C53: K12B | F53: 121

Sheet Settings
A1: ReportStart | B1: 25569.334
A2: NumDays | B2: 32
A3: SlotHours | B3: 1
A4: PrepHours | B4: 2
A5: XalanFactor | B5: 0.3

Sheet Calc
A1: SlotTime | B1: K12C | C1: K12A | D1: K12 | E1: K12B | F1: TT2
A2: 45932 | B2: =--(SUMPRODUCT((Data!$C$2:$C$53="K12C")*((Data!$A$2:$A$53 - Settings!$B$4/24) <= A2)*((Data!$B$2:$B$53 + Settings!$B$4/24) > A2))>0) -> 0 | C2: =--(SUMPRODUCT((Data!$C$2:$C$53="K12A")*((Data!$A$2:$A$53 - Settings!$B$4/24) <= A2)*((Data!$B$2:$B$53 + Settings!$B$4/24) > A2))>0) -> 0 | D2: =--(SUMPRODUCT((Data!$C$2:$C$53="K12")*((Data!$A$2:$A$53 - Settings!$B$4/24) <= A2)*((Data!$B$2:$B$53 + Settings!$B$4/24) > A2))>0) -> 0 | E2: =--(SUMPRODUCT((Data!$C$2:$C$53="K12B")*((Data!$A$2:$A$53 - Settings!$B$4/24) <= A2)*((Data!$B$2:$B$53 + Settings!$B$4/24) > A2))>0) -> 0 | F2: =--(SUMPRODUCT((Data!$C$2:$C$53="TT2")*((Data!$A$2:$A$53 - Settings!$B$4/24) <= A2)*((Data!$B$2:$B$53 + Settings!$B$4/24) > A2))>0) -> 0
A3: 45932.042 | B3: =--(SUMPRODUCT((Data!$C$2:$C$53="K12C")*((Data!$A$2:$A$53 - Settings!$B$4/24) <= A3)*((Data!$B$2:$B$53 + Settings!$B$4/24) > A3))>0) -> 0 | C3: =--(SUMPRODUCT((Data!$C$2:$C$53="K12A")*((Data!$A$2:$A$53 - Settings!$B$4/24) <= A3)*((Data!$B$2:$B$53 + Settings!$B$4/24) > A3))>0) -> 0 | D3: =--(SUMPRODUCT((Data!$C$2:$C$53="K12")*((Data!$A$2:$A$53 - Settings!$B$4/24) <= A3)*((Data!$B$2:$B$53 + Settings!$B$4/24) > A3))>0) -> 0 | E3: =--(SUMPRODUCT((Data!$C$2:$C$53="K12B")*((Data!$A$2:$A$53 - Settings!$B$4/24) <= A3)*((Data!$B$2:$B$53 + Settings!$B$4/24) > A3))>0) -> 0 | F3: =--(SUMPRODUCT((Data!$C$2:$C$53="TT2")*((Data!$A$2:$A$53 - Settings!$B$4/24) <= A3)*((Data!$B$2:$B$53 + Settings!$B$4/24) > A3))>0) -> 0
A4: 45932.084 | B4: =--(SUMPRODUCT((Data!$C$2:$C$53="K12C")*((Data!$A$2:$A$53 - Settings!$B$4/24) <= A4)*((Data!$B$2:$B$53 + Settings!$B$4/24) > A4))>0) -> 0 | C4: =--(SUMPRODUCT((Data!$C$2:$C$53="K12A")*((Data!$A$2:$A$53 - Settings!$B$4/24) <= A4)*((Data!$B$2:$B$53 + Settings!$B$4/24) > A4))>0) -> 0 | D4: =--(SUMPRODUCT((Data!$C$2:$C$53="K12")*((Data!$A$2:$A$53 - Settings!$B$4/24) <= A4)*((Data!$B$2:$B$53 + Settings!$B$4/24) > A4))>0) -> 0 | E4: =--(SUMPRODUCT((Data!$C$2:$C$53="K12B")*((Data!$A$2:$A$53 - Settings!$B$4/24) <= A4)*((Data!$B$2:$B$53 + Settings!$B$4/24) > A4))>0) -> 0 | F4: =--(SUMPRODUCT((Data!$C$2:$C$53="TT2")*((Data!$A$2:$A$53 - Settings!$B$4/24) <= A4)*((Data!$B$2:$B$53 + Settings!$B$4/24) > A4))>0) -> 0
A5: 45932.125 | B5: =--(SUMPRODUCT((Data!$C$2:$C$53="K12C")*((Data!$A$2:$A$53 - Settings!$B$4/24) <= A5)*((Data!$B$2:$B$53 + Settings!$B$4/24) > A5))>0) -> 0 | C5: =--(SUMPRODUCT((Data!$C$2:$C$53="K12A")*((Data!$A$2:$A$53 - Settings!$B$4/24) <= A5)*((Data!$B$2:$B$53 + Settings!$B$4/24) > A5))>0) -> 0 | D5: =--(SUMPRODUCT((Data!$C$2:$C$53="K12")*((Data!$A$2:$A$53 - Settings!$B$4/24) <= A5)*((Data!$B$2:$B$53 + Settings!$B$4/24) > A5))>0) -> 0 | E5: =--(SUMPRODUCT((Data!$C$2:$C$53="K12B")*((Data!$A$2:$A$53 - Settings!$B$4/24) <= A5)*((Data!$B$2:$B$53 + Settings!$B$4/24) > A5))>0) -> 0 | F5: =--(SUMPRODUCT((Data!$C$2:$C$53="TT2")*((Data!$A$2:$A$53 - Settings!$B$4/24) <= A5)*((Data!$B$2:$B$53 + Settings!$B$4/24) > A5))>0) -> 0
A6: 45932.167 | B6: =--(SUMPRODUCT((Data!$C$2:$C$53="K12C")*((Data!$A$2:$A$53 - Settings!$B$4/24) <= A6)*((Data!$B$2:$B$53 + Settings!$B$4/24) > A6))>0) -> 0 | C6: =--(SUMPRODUCT((Data!$C$2:$C$53="K12A")*((Data!$A$2:$A$53 - Settings!$B$4/24) <= A6)*((Data!$B$2:$B$53 + Settings!$B$4/24) > A6))>0) -> 0 | D6: =--(SUMPRODUCT((Data!$C$2:$C$53="K12")*((Data!$A$2:$A$53 - Settings!$B$4/24) <= A6)*((Data!$B$2:$B$53 + Settings!$B$4/24) > A6))>0) -> 0 | E6: =--(SUMPRODUCT((Data!$C$2:$C$53="K12B")*((Data!$A$2:$A$53 - Settings!$B$4/24) <= A6)*((Data!$B$2:$B$53 + Settings!$B$4/24) > A6))>0) -> 0 | F6: =--(SUMPRODUCT((Data!$C$2:$C$53="TT2")*((Data!$A$2:$A$53 - Settings!$B$4/24) <= A6)*((Data!$B$2:$B$53 + Settings!$B$4/24) > A6))>0) -> 0
A7: 45932.209 | B7: =--(SUMPRODUCT((Data!$C$2:$C$53="K12C")*((Data!$A$2:$A$53 - Settings!$B$4/24) <= A7)*((Data!$B$2:$B$53 + Settings!$B$4/24) > A7))>0) -> 0 | C7: =--(SUMPRODUCT((Data!$C$2:$C$53="K12A")*((Data!$A$2:$A$53 - Settings!$B$4/24) <= A7)*((Data!$B$2:$B$53 + Settings!$B$4/24) > A7))>0) -> 0 | D7: =--(SUMPRODUCT((Data!$C$2:$C$53="K12")*((Data!$A$2:$A$53 - Settings!$B$4/24) <= A7)*((Data!$B$2:$B$53 + Settings!$B$4/24) > A7))>0) -> 0 | E7: =--(SUMPRODUCT((Data!$C$2:$C$53="K12B")*((Data!$A$2:$A$53 - Settings!$B$4/24) <= A7)*((Data!$B$2:$B$53 + Settings!$B$4/24) > A7))>0) -> 0 | F7: =--(SUMPRODUCT((Data!$C$2:$C$53="TT2")*((Data!$A$2:$A$53 - Settings!$B$4/24) <= A7)*((Data!$B$2:$B$53 + Settings!$B$4/24) > A7))>0) -> 0
A8: 45932.25 | B8: =--(SUMPRODUCT((Data!$C$2:$C$53="K12C")*((Data!$A$2:$A$53 - Settings!$B$4/24) <= A8)*((Data!$B$2:$B$53 + Settings!$B$4/24) > A8))>0) -> 0 | C8: =--(SUMPRODUCT((Data!$C$2:$C$53="K12A")*((Data!$A$2:$A$53 - Settings!$B$4/24) <= A8)*((Data!$B$2:$B$53 + Settings!$B$4/24) > A8))>0) -> 0 | D8: =--(SUMPRODUCT((Data!$C$2:$C$53="K12")*((Data!$A$2:$A$53 - Settings!$B$4/24) <= A8)*((Data!$B$2:$B$53 + Settings!$B$4/24) > A8))>0) -> 1 | E8: =--(SUMPRODUCT((Data!$C$2:$C$53="K12B")*((Data!$A$2:$A$53 - Settings!$B$4/24) <= A8)*((Data!$B$2:$B$53 + Settings!$B$4/24) > A8))>0) -> 1 | F8: =--(SUMPRODUCT((Data!$C$2:$C$53="TT2")*((Data!$A$2:$A$53 - Settings!$B$4/24) <= A8)*((Data!$B$2:$B$53 + Settings!$B$4/24) > A8))>0) -> 0
A9: 45932.292 | B9: =--(SUMPRODUCT((Data!$C$2:$C$53="K12C")*((Data!$A$2:$A$53 - Settings!$B$4/24) <= A9)*((Data!$B$2:$B$53 + Settings!$B$4/24) > A9))>0) -> 0 | C9: =--(SUMPRODUCT((Data!$C$2:$C$53="K12A")*((Data!$A$2:$A$53 - Settings!$B$4/24) <= A9)*((Data!$B$2:$B$53 + Settings!$B$4/24) > A9))>0) -> 0 | D9: =--(SUMPRODUCT((Data!$C$2:$C$53="K12")*((Data!$A$2:$A$53 - Settings!$B$4/24) <= A9)*((Data!$B$2:$B$53 + Settings!$B$4/24) > A9))>0) -> 1 | E9: =--(SUMPRODUCT((Data!$C$2:$C$53="K12B")*((Data!$A$2:$A$53 - Settings!$B$4/24) <= A9)*((Data!$B$2:$B$53 + Settings!$B$4/24) > A9))>0) -> 1 | F9: =--(SUMPRODUCT((Data!$C$2:$C$53="TT2")*((Data!$A$2:$A$53 - Settings!$B$4/24) <= A9)*((Data!$B$2:$B$53 + Settings!$B$4/24) > A9))>0) -> 0
A10: 45932.334 | B10: =--(SUMPRODUCT((Data!$C$2:$C$53="K12C")*((Data!$A$2:$A$53 - Settings!$B$4/24) <= A10)*((Data!$B$2:$B$53 + Settings!$B$4/24) > A10))>0) -> 0 | C10: =--(SUMPRODUCT((Data!$C$2:$C$53="K12A")*((Data!$A$2:$A$53 - Settings!$B$4/24) <= A10)*((Data!$B$2:$B$53 + Settings!$B$4/24) > A10))>0) -> 0 | D10: =--(SUMPRODUCT((Data!$C$2:$C$53="K12")*((Data!$A$2:$A$53 - Settings!$B$4/24) <= A10)*((Data!$B$2:$B$53 + Settings!$B$4/24) > A10))>0) -> 1 | E10: =--(SUMPRODUCT((Data!$C$2:$C$53="K12B")*((Data!$A$2:$A$53 - Settings!$B$4/24) <= A10)*((Data!$B$2:$B$53 + Settings!$B$4/24) > A10))>0) -> 1 | F10: =--(SUMPRODUCT((Data!$C$2:$C$53="TT2")*((Data!$A$2:$A$53 - Settings!$B$4/24) <= A10)*((Data!$B$2:$B$53 + Settings!$B$4/24) > A10))>0) -> 0
A11: 45932.375 | B11: =--(SUMPRODUCT((Data!$C$2:$C$53="K12C")*((Data!$A$2:$A$53 - Settings!$B$4/24) <= A11)*((Data!$B$2:$B$53 + Settings!$B$4/24) > A11))>0) -> 0 | C11: =--(SUMPRODUCT((Data!$C$2:$C$53="K12A")*((Data!$A$2:$A$53 - Settings!$B$4/24) <= A11)*((Data!$B$2:$B$53 + Settings!$B$4/24) > A11))>0) -> 0 | D11: =--(SUMPRODUCT((Data!$C$2:$C$53="K12")*((Data!$A$2:$A$53 - Settings!$B$4/24) <= A11)*((Data!$B$2:$B$53 + Settings!$B$4/24) > A11))>0) -> 1 | E11: =--(SUMPRODUCT((Data!$C$2:$C$53="K12B")*((Data!$A$2:$A$53 - Settings!$B$4/24) <= A11)*((Data!$B$2:$B$53 + Settings!$B$4/24) > A11))>0) -> 1 | F11: =--(SUMPRODUCT((Data!$C$2:$C$53="TT2")*((Data!$A$2:$A$53 - Settings!$B$4/24) <= A11)*((Data!$B$2:$B$53 + Settings!$B$4/24) > A11))>0) -> 0
A12: 45932.417 | B12: =--(SUMPRODUCT((Data!$C$2:$C$53="K12C")*((Data!$A$2:$A$53 - Settings!$B$4/24) <= A12)*((Data!$B$2:$B$53 + Settings!$B$4/24) > A12))>0) -> 0 | C12: =--(SUMPRODUCT((Data!$C$2:$C$53="K12A")*((Data!$A$2:$A$53 - Settings!$B$4/24) <= A12)*((Data!$B$2:$B$53 + Settings!$B$4/24) > A12))>0) -> 0 | D12: =--(SUMPRODUCT((Data!$C$2:$C$53="K12")*((Data!$A$2:$A$53 - Settings!$B$4/24) <= A12)*((Data!$B$2:$B$53 + Settings!$B$4/24) > A12))>0) -> 1 | E12: =--(SUMPRODUCT((Data!$C$2:$C$53="K12B")*((Data!$A$2:$A$53 - Settings!$B$4/24) <= A12)*((Data!$B$2:$B$53 + Settings!$B$4/24) > A12))>0) -> 1 | F12: =--(SUMPRODUCT((Data!$C$2:$C$53="TT2")*((Data!$A$2:$A$53 - Settings!$B$4/24) <= A12)*((Data!$B$2:$B$53 + Settings!$B$4/24) > A12))>0) -> 0
A13: 45932.459 | B13: =--(SUMPRODUCT((Data!$C$2:$C$53="K12C")*((Data!$A$2:$A$53 - Settings!$B$4/24) <= A13)*((Data!$B$2:$B$53 + Settings!$B$4/24) > A13))>0) -> 0 | C13: =--(SUMPRODUCT((Data!$C$2:$C$53="K12A")*((Data!$A$2:$A$53 - Settings!$B$4/24) <= A13)*((Data!$B$2:$B$53 + Settings!$B$4/24) > A13))>0) -> 0 | D13: =--(SUMPRODUCT((Data!$C$2:$C$53="K12")*((Data!$A$2:$A$53 - Settings!$B$4/24) <= A13)*((Data!$B$2:$B$53 + Settings!$B$4/24) > A13))>0) -> 1 | E13: =--(SUMPRODUCT((Data!$C$2:$C$53="K12B")*((Data!$A$2:$A$53 - Settings!$B$4/24) <= A13)*((Data!$B$2:$B$53 + Settings!$B$4/24) > A13))>0) -> 1 | F13: =--(SUMPRODUCT((Data!$C$2:$C$53="TT2")*((Data!$A$2:$A$53 - Settings!$B$4/24) <= A13)*((Data!$B$2:$B$53 + Settings!$B$4/24) > A13))>0) -> 0
... A769: 45963.959 | B769: =--(SUMPRODUCT((Data!$C$2:$C$53="K12C")*((Data!$A$2:$A$53 - Settings!$B$4/24) <= A769)*((Data!$B$2:$B$53 + Settings!$B$4/24) > A769))>0) -> 0 | C769: =--(SUMPRODUCT((Data!$C$2:$C$53="K12A")*((Data!$A$2:$A$53 - Settings!$B$4/24) <= A769)*((Data!$B$2:$B$53 + Settings!$B$4/24) > A769))>0) -> 0 | D769: =--(SUMPRODUCT((Data!$C$2:$C$53="K12")*((Data!$A$2:$A$53 - Settings!$B$4/24) <= A769)*((Data!$B$2:$B$53 + Settings!$B$4/24) > A769))>0) -> 1 | E769: =--(SUMPRODUCT((Data!$C$2:$C$53="K12B")*((Data!$A$2:$A$53 - Settings!$B$4/24) <= A769)*((Data!$B$2:$B$53 + Settings!$B$4/24) > A769))>0) -> 0 | F769: =--(SUMPRODUCT((Data!$C$2:$C$53="TT2")*((Data!$A$2:$A$53 - Settings!$B$4/24) <= A769)*((Data!$B$2:$B$53 + Settings!$B$4/24) > A769))>0) -> 0
A771: K12C occupied_hours | B771: =SUM(B$2:B$769) -> 356
A772: K12C pct
A773: K12A occupied_hours | B773: =SUM(C$2:C$769) -> 329
A774: K12A pct
A775: K12 occupied_hours | B775: =SUM(D$2:D$769) -> 528
A776: K12 pct
A777: K12B occupied_hours | B777: =SUM(E$2:E$769) -> 350
A778: K12B pct
A779: TT2 occupied_hours | B779: =SUM(F$2:F$769) -> 344
A780: TT2 pct
